Source: ashby (ashby)
  - airtable -> airtable
  - figma -> figma
  - glints -> glints
  - linear -> linear
  - notion -> notion
  - stashaway -> stashaway
  - webflow -> webflow
  - zenyum -> zenyum

Source: greenhouse (greenhouse)
  - adyen -> adyen
  - aftership -> aftership
  - agoda -> Agoda
  - aibee -> aibee
  - airbnb -> airbnb
  - airtable -> airtable
  - airwallex -> airwallex
  - altium -> Altium
  - ambergroup -> ambergroup
  - animoca -> animoca
  - appier -> appier
  - applovin -> Adjust (AppLovin)
  - aqumon -> aqumon
  - aspire -> aspire
  - atome -> atome
  - autox -> autox
  - babelfinance -> babelfinance
  - baidu -> baidu
  - binance -> binance
  - bitdeer -> bitdeer
  - bitget -> bitget
  - bitgin -> bitgin
  - bitmart -> bitmart
  - bitmex -> bitmex
  - bitoex -> bitoex
  - bolttech -> bolttech
  - bowtie -> bowtie
  - brex -> brex
  - bullish -> bullish
  - bybit -> bybit
  - bytedance -> bytedance
  - canaan -> canaan
  - canonical -> Canonical
  - carousell -> carousell
  - casetify -> CASETiFY
  - chainalysis -> chainalysis
  - checkoutcom -> checkoutcom
  - circle -> circle
  - cloudflare -> Cloudflare
  - cobo -> cobo
  - codapayments -> codapayments
  - coinbase -> coinbase
  - coincola -> coincola
  - coinflex -> coinflex
  - coinhako -> coinhako
  - coinsuper -> coinsuper
  - conviva -> Conviva
  - coolbitx -> coolbitx
  - crypto -> crypto
  - databricks -> databricks
  - datadog -> datadog
  - daydaycook -> daydaycook
  - deeproute -> deeproute
  - diginex -> diginex
  - dji -> dji
  - endowus -> endowus
  - fanolabs -> fanolabs
  - fictiv -> Fictiv
  - figma -> figma
  - flexport -> flexport
  - flowtraders -> Flow Traders
  - formlabs -> Formlabs
  - fundingasia -> fundingasia
  - futu -> futu
  - gateio -> gateio
  - glints -> glints
  - gogoro -> gogoro
  - gogox -> gogox
  - goodnotes -> Goodnotes
  - google -> Google
  - grab -> grab
  - grain -> grain
  - hashkey -> hashkey
  - hextrust -> hextrust
  - hoolah -> hoolah
  - horizen -> Horizen Labs
  - horizonrobotics -> horizonrobotics
  - huobitech -> huobitech
  - hypebeast -> hypebeast
  - iherb -> iHerb
  - imtoken -> imtoken
  - inceptio -> inceptio
  - innoage -> innoage
  - jd -> jd
  - jenfi -> jenfi
  - kkcompany -> kkcompany
  - kkday -> kkday
  - klook -> klook
  - kpay -> kpay
  - kuaishou -> kuaishou
  - kucoin -> kucoin
  - kybernetwork -> kybernetwork
  - lalamove -> lalamove
  - linear -> linear
  - lynk -> lynk
  - maicoin -> maicoin
  - matrixdock -> matrixdock
  - matrixport -> matrixport
  - megvii -> megvii
  - meituan -> meituan
  - microsoft -> Microsoft Corporation
  - miqdigital -> MiQ Digital
  - moloco -> Moloco
  - momenta -> momenta
  - moneysmart -> moneysmart
  - ninetyoneapp -> ninetyoneapp
  - ninjavan -> ninjavan
  - nio -> nio
  - notion -> notion
  - okcoin -> okcoin
  - okx -> okx
  - onechain -> onechain
  - onedegree -> onedegree
  - oppo -> oppo
  - osl -> osl
  - pace -> pace
  - palantir -> palantir
  - particlex -> particlex
  - paypal -> paypal
  - pdd -> pdd
  - pickupp -> pickupp
  - pingcap -> pingcap
  - point72 -> Point72
  - polyai -> PolyAI
  - ponyai -> ponyai
  - preface -> preface
  - prenetics -> prenetics
  - presslogic -> presslogic
  - privetech -> privetech
  - propertyguru -> propertyguru
  - q9capital -> q9capital
  - qcraft -> qcraft
  - quantstamp -> quantstamp
  - razerfintech -> razerfintech
  - revolut -> revolut
  - scopely -> Scopely
  - sensetime -> sensetime
  - seventeenlive -> seventeenlive
  - shein -> shein
  - shopback -> shopback
  - shopify -> shopify
  - shopline -> shopline
  - silot -> silot
  - singlife -> singlife
  - skymavis -> skymavis
  - smartmore -> smartmore
  - snapask -> snapask
  - snowflake -> snowflake
  - stashaway -> stashaway
  - stripe -> stripe
  - taboola -> Taboola
  - taospace -> taospace
  - tappytech -> tappytech
  - thetradedesk -> The Trade Desk
  - thunes -> thunes
  - tigerbrokers -> tigerbrokers
  - tokenize -> tokenize
  - trustbank -> trustbank
  - tutorme -> tutorme
  - uber -> uber
  - validus -> validus
  - versa -> versa
  - visa -> visa
  - viu -> viu
  - vivo -> vivo
  - weaveliving -> weaveliving
  - webflow -> webflow
  - welab -> welab
  - welabbank -> welabbank
  - welend -> welend
  - welendtech -> welendtech
  - weride -> weride
  - wise -> wise
  - workstream -> Workstream
  - worldquant -> WorldQuant
  - wristcheck -> wristcheck
  - xendit -> xendit
  - xfers -> xfers
  - xiaohongshu -> xiaohongshu
  - xiaomi -> xiaomi
  - xrex -> xrex
  - zabank -> zabank
  - zeek -> zeek
  - zendesk -> zendesk
  - zenyum -> zenyum
  - zhihu -> zhihu
  - zipmex -> zipmex

Source: lever (lever)
  - adyen -> adyen
  - aftership -> aftership
  - aibee -> aibee
  - airbnb -> airbnb
  - airtable -> airtable
  - airwallex -> airwallex
  - alluxio -> Alluxio
  - ambergroup -> ambergroup
  - animoca -> animoca
  - appier -> appier
  - aqumon -> aqumon
  - aspire -> aspire
  - atome -> atome
  - autox -> autox
  - babelfinance -> babelfinance
  - baidu -> baidu
  - binance -> binance
  - bitdeer -> bitdeer
  - bitget -> bitget
  - bitgin -> bitgin
  - bitmart -> bitmart
  - bitmex -> bitmex
  - bitoex -> bitoex
  - bolttech -> bolttech
  - bowtie -> bowtie
  - brex -> brex
  - bullish -> bullish
  - bybit -> bybit
  - bytedance -> bytedance
  - canaan -> canaan
  - carousell -> carousell
  - chainalysis -> chainalysis
  - checkoutcom -> checkoutcom
  - circle -> circle
  - cobo -> cobo
  - codapayments -> codapayments
  - coinbase -> coinbase
  - coincola -> coincola
  - coinflex -> coinflex
  - coinhako -> coinhako
  - coinsuper -> coinsuper
  - coolbitx -> coolbitx
  - crypto -> crypto
  - databricks -> databricks
  - datadog -> datadog
  - daydaycook -> daydaycook
  - deeproute -> deeproute
  - diginex -> diginex
  - dji -> dji
  - endowus -> endowus
  - fanolabs -> fanolabs
  - figma -> figma
  - flexport -> flexport
  - fundingasia -> fundingasia
  - futu -> futu
  - gateio -> gateio
  - glints -> glints
  - gogoro -> gogoro
  - gogox -> gogox
  - grab -> grab
  - grain -> grain
  - hashkey -> hashkey
  - hextrust -> hextrust
  - hoolah -> hoolah
  - horizonrobotics -> horizonrobotics
  - huobitech -> huobitech
  - hypebeast -> hypebeast
  - imtoken -> imtoken
  - inceptio -> inceptio
  - innoage -> innoage
  - jd -> jd
  - jenfi -> jenfi
  - kkcompany -> kkcompany
  - kkday -> kkday
  - klook -> klook
  - kpay -> kpay
  - kuaishou -> kuaishou
  - kucoin -> kucoin
  - kybernetwork -> kybernetwork
  - lalamove -> lalamove
  - linear -> linear
  - lynk -> lynk
  - maicoin -> maicoin
  - matrixdock -> matrixdock
  - matrixport -> matrixport
  - megvii -> megvii
  - meituan -> meituan
  - momenta -> momenta
  - moneysmart -> moneysmart
  - ninetyoneapp -> ninetyoneapp
  - ninjavan -> ninjavan
  - nio -> nio
  - notion -> notion
  - okcoin -> okcoin
  - okx -> okx
  - onechain -> onechain
  - onedegree -> onedegree
  - oppo -> oppo
  - osl -> osl
  - pace -> pace
  - palantir -> palantir
  - particlex -> particlex
  - paypal -> paypal
  - pdd -> pdd
  - pickupp -> pickupp
  - pingcap -> pingcap
  - ponyai -> ponyai
  - preface -> preface
  - prenetics -> prenetics
  - presslogic -> presslogic
  - privetech -> privetech
  - propertyguru -> propertyguru
  - q9capital -> q9capital
  - qcraft -> qcraft
  - quantstamp -> quantstamp
  - razerfintech -> razerfintech
  - revolut -> revolut
  - sensetime -> sensetime
  - seventeenlive -> seventeenlive
  - shein -> shein
  - shopback -> shopback
  - shopify -> shopify
  - shopline -> shopline
  - silot -> silot
  - singlife -> singlife
  - skymavis -> skymavis
  - smartmore -> smartmore
  - snapask -> snapask
  - snowflake -> snowflake
  - stashaway -> stashaway
  - stripe -> stripe
  - taospace -> taospace
  - tappytech -> tappytech
  - thunes -> thunes
  - tigerbrokers -> tigerbrokers
  - tokenize -> tokenize
  - trustbank -> trustbank
  - tutorme -> tutorme
  - uber -> uber
  - validus -> validus
  - versa -> versa
  - visa -> visa
  - viu -> viu
  - vivo -> vivo
  - weaveliving -> weaveliving
  - webflow -> webflow
  - welab -> welab
  - welabbank -> welabbank
  - welend -> welend
  - welendtech -> welendtech
  - weride -> weride
  - wise -> wise
  - wristcheck -> wristcheck
  - xendit -> xendit
  - xfers -> xfers
  - xiaohongshu -> xiaohongshu
  - xiaomi -> xiaomi
  - xrex -> xrex
  - xsolla -> Xsolla
  - zabank -> zabank
  - zeek -> zeek
  - zendesk -> zendesk
  - zenyum -> zenyum
  - zhihu -> zhihu
  - zipmex -> zipmex

Source: meta-careers-crawler (crawler)
  - meta -> Meta Platforms, Inc.

Source: recruitee (recruitee)
  - aftership -> aftership
  - appier -> appier
  - bitgin -> bitgin
  - bitoex -> bitoex
  - bowtie -> bowtie
  - coolbitx -> coolbitx
  - daydaycook -> daydaycook
  - fanolabs -> fanolabs
  - glints -> glints
  - gogoro -> gogoro
  - gogox -> gogox
  - hypebeast -> hypebeast
  - innoage -> innoage
  - kkcompany -> kkcompany
  - kkday -> kkday
  - kpay -> kpay
  - maicoin -> maicoin
  - ninetyoneapp -> ninetyoneapp
  - onechain -> onechain
  - onedegree -> onedegree
  - particlex -> particlex
  - pickupp -> pickupp
  - preface -> preface
  - prenetics -> prenetics
  - presslogic -> presslogic
  - privetech -> privetech
  - seventeenlive -> seventeenlive
  - shopline -> shopline
  - snapask -> snapask
  - stashaway -> stashaway
  - taospace -> taospace
  - tappytech -> tappytech
  - tutorme -> tutorme
  - viu -> viu
  - weaveliving -> weaveliving
  - welab -> welab
  - welendtech -> welendtech
  - wristcheck -> wristcheck
  - xrex -> xrex
  - zeek -> zeek
  - zenyum -> zenyum

Source: smartrecruiters (smartrecruiters)
  - aibee -> aibee
  - ambergroup -> ambergroup
  - aqumon -> aqumon
  - autox -> autox
  - babelfinance -> babelfinance
  - bitdeer -> bitdeer
  - bitget -> bitget
  - bitmart -> bitmart
  - bitmex -> bitmex
  - bullish -> bullish
  - canaan -> canaan
  - canva -> Canva
  - checkoutcom -> checkoutcom
  - cobo -> cobo
  - coincola -> coincola
  - coinflex -> coinflex
  - crypto -> crypto
  - deeproute -> deeproute
  - futu -> futu
  - gateio -> gateio
  - glints -> glints
  - horizonrobotics -> horizonrobotics
  - huobitech -> huobitech
  - imtoken -> imtoken
  - inceptio -> inceptio
  - kucoin -> kucoin
  - lynk -> lynk
  - matrixport -> matrixport
  - megvii -> megvii
  - momenta -> momenta
  - okcoin -> okcoin
  - okx -> okx
  - osl -> osl
  - ponyai -> ponyai
  - q9capital -> q9capital
  - qcraft -> qcraft
  - revolut -> revolut
  - sensetime -> sensetime
  - shopback -> shopback
  - smartmore -> smartmore
  - stashaway -> stashaway
  - tigerbrokers -> tigerbrokers
  - welabbank -> welabbank
  - weride -> weride
  - zabank -> zabank
  - zenyum -> zenyum

Source: workable (workable)
  - animoca -> animoca
  - aspire -> aspire
  - atome -> atome
  - bolttech -> bolttech
  - carousell -> carousell
  - codapayments -> codapayments
  - coinhako -> coinhako
  - coinsuper -> coinsuper
  - crypto -> crypto
  - diginex -> diginex
  - endowus -> endowus
  - fundingasia -> fundingasia
  - gogox -> gogox
  - grain -> grain
  - hextrust -> hextrust
  - hoolah -> hoolah
  - jenfi -> jenfi
  - klook -> klook
  - kybernetwork -> kybernetwork
  - lalamove -> lalamove
  - matrixdock -> matrixdock
  - matrixport -> matrixport
  - moneysmart -> moneysmart
  - ninjavan -> ninjavan
  - pace -> pace
  - propertyguru -> propertyguru
  - quantstamp -> quantstamp
  - razerfintech -> razerfintech
  - silot -> silot
  - singlife -> singlife
  - skymavis -> skymavis
  - thunes -> thunes
  - tokenize -> tokenize
  - trustbank -> trustbank
  - validus -> validus
  - versa -> versa
  - welend -> welend
  - xendit -> xendit
  - xfers -> xfers
  - zipmex -> zipmex

Source: workday (workday)
  - adyen -> adyen
  - glints -> glints
  - grab -> grab
  - paypal -> paypal
  - revolut -> revolut
  - stashaway -> stashaway
  - stripe -> stripe
  - visa -> visa
  - wise -> wise
  - zenyum -> zenyum
